{
  "model/models-dbg.js": 1599555304027,
  "manifest.json": 1599556561878,
  "model/models.js": 1599555304027,
  "controller/View1.controller.js": 1599555304027,
  "Component.js": 1599555304023,
  "manifest-bundle.zip": 1599556561663,
  "Component-preload.js": 1599556561854,
  "controller/View1-dbg.controller.js": 1599555304027,
  "i18n/i18n.properties": 1599555304027,
  "Component-dbg.js": 1599555304023,
  "resources.json": 1599556561880,
  "view/View1.view.xml": 1599555304027,
  "css/style.css": 1599555304027,
  "index.html": 1599555304027
}